ab_group,active_days,users,share_pct,cum_share_pct
B,1,476,0.9500429116020996,0.9500429116020996
B,2,1595,3.1834421092549348,4.133485020857035
B,3,2414,4.818074765982077,8.95155978683911
B,4,1950,3.891982516017005,12.843542302856116
B,5,838,1.672554537652436,14.516096840508553
B,6,225,0.4490749056942698,14.965171746202822
B,7,43,0.08582320419934934,15.050994950402172
B,8,5,0.00997944234876155,15.060974392750934
B,9,21,0.04191365786479852,15.102888050615732
B,10,50,0.09979442348761551,15.202682474103348
B,11,123,0.24549428177953417,15.448176755882882
B,12,246,0.49098856355906834,15.93916531944195
B,13,488,0.9739935732391274,16.91315889268108
B,14,881,1.7583777418517854,18.671536634532863
B,15,1457,2.908009500429116,21.57954613496198
B,16,2070,4.131489132387282,25.71103526734926
B,17,2918,5.824002554737241,31.5350378220865
B,18,3688,7.36083667644652,38.89587449853302
B,19,4205,8.392711015308464,47.28858551384149
B,20,4655,9.290860826697005,56.57944634053849
B,21,4627,9.234975949543939,65.81442229008243
B,22,4226,8.434624673173262,74.2490469632557
B,23,3726,7.436680438297108,81.6857274015528
B,24,2876,5.740175239007645,87.42590264056045
B,25,2292,4.574576372672295,92.00047901323273
B,26,1541,3.0756641318883102,95.07614314512105
B,27,1055,2.105662335588687,97.18180548070974
B,28,653,1.3033151707482586,98.48512065145799
B,29,369,0.7364828453386025,99.2216034967966
B,30,202,0.4031694708899667,99.62477296768657
B,31,95,0.18960940462646947,99.81438237231303
B,32,53,0.10578208889687245,99.92016446120991
B,33,26,0.05189310021356006,99.97205756142347
B,34,10,0.0199588846975231,99.99201644612099
B,35,2,0.003991776939504621,99.9960082230605
B,36,1,0.0019958884697523103,99.99800411153025
B,38,1,0.0019958884697523103,100.0
A,1,217,0.4348958855241798,0.4348958855241798
A,2,628,1.258592700963986,1.6934885864881657
A,3,1480,2.9661101869851896,4.6595987734733555
A,4,2025,4.058360222057439,8.717958995530793
A,5,1783,3.5733611239152654,12.291320119446059
A,6,982,1.9680541916347676,14.259374311080826
A,7,413,0.8277050724492454,15.087079383530073
A,8,108,0.21644587850973004,15.303525262039802
A,9,42,0.08417339719822835,15.38769865923803
A,10,43,0.08617752570294808,15.473876184940979
A,11,115,0.2304747780427681,15.704350962983746
A,12,285,0.5711766238451209,16.27552758682887
A,13,518,1.0381385654448163,17.313666152273683
A,14,812,1.6273523458324148,18.9410184981061
A,15,1416,2.837845962683127,21.778864460789226
A,16,2102,4.212678116920857,25.99154257771008
A,17,2932,5.876104775838226,31.86764735354831
A,18,3612,7.238912159047638,39.10655951259595
A,19,4260,8.537587430106019,47.644146942701965
A,20,4593,9.204962222177686,56.84910916487965
A,21,4517,9.052648455818987,65.90175762069865
A,22,4159,8.335170451129326,74.23692807182796
A,23,3655,7.325089684750586,81.56201775657856
A,24,2911,5.834018077239112,87.39603583381766
A,25,2243,4.495260236086338,91.891296069904
A,26,1631,3.2687335911978677,95.16002966110187
A,27,1089,2.182495941639778,97.34252560274165
A,28,602,1.206485359841273,98.54901096258293
A,29,348,0.6974367196424635,99.24644768222538
A,30,196,0.3928091869250656,99.63925686915044
A,31,107,0.2144417500050103,99.85369861915547
A,32,41,0.08216926869350863,99.93586788784897
A,33,19,0.03807844158967473,99.97394632943865
A,34,10,0.020041285047197228,99.99398761448585
A,35,1,0.0020041285047197226,99.99599174299055
A,36,2,0.004008257009439445,100.0
