date,ab_group,day_number,revenue,dau,transactions,arpdau,cum_revenue,arpdau_7d
2025-01-01,B,1,5368.94,15307,472,0.35075063696348074,5368.94,0.35075063696348074
2025-01-02,B,2,5945.82,15038,513,0.39538635456842663,11314.759999999998,0.3730684957659537
2025-01-03,B,3,4632.01,15219,399,0.3043570536828964,15946.769999999999,0.3501646817382679
2025-01-04,B,4,4794.93,15083,430,0.3179029370814825,20741.699999999997,0.34209924557407156
2025-01-05,B,5,5569.45,15327,522,0.36337508971096755,26311.149999999998,0.34635441440145076
2025-01-06,B,6,5469.7,15343,478,0.3564948184839992,31780.85,0.3480444817485422
2025-01-07,B,7,5121.0199999999995,15351,499,0.33359520552407007,36901.869999999995,0.3459802994307605
2025-01-08,B,8,4785.83,15216,440,0.3145261566771819,41687.7,0.3408053736755749
2025-01-09,B,9,4795.78,15413,406,0.31115162525141116,46483.479999999996,0.32877184091600126
2025-01-10,B,10,4969.22,15191,423,0.3271160555592127,51452.7,0.33202312689833213
2025-01-11,B,11,5292.43,15479,517,0.3419103301246851,56745.13,0.3354527544759325
2025-01-12,B,12,5296.24,15232,463,0.3477048319327731,62041.369999999995,0.33321414622190476
2025-01-13,B,13,5015.1,15470,431,0.3241822882999354,67056.47,0.3285980704813242
2025-01-14,B,14,4511.45,15388,453,0.2931797504548999,71567.92,0.3228244340428713
2025-01-15,B,15,4891.85,15273,433,0.32029398284554444,76459.77,0.3236484092097802
2025-01-16,B,16,4966.28,15325,449,0.32406394779771613,81426.05,0.32549302671639524
2025-01-17,B,17,4957.58,15216,458,0.32581361724500524,86383.63,0.3253069641000799
2025-01-18,B,18,5101.53,15193,429,0.33578160995195155,91485.16,0.3244314326468323
2025-01-19,B,19,5560.51,15363,517,0.361941678057671,97045.67,0.32646526780753193
2025-01-20,B,20,5264.2,15230,492,0.3456467498358503,102309.87,0.32953161945551973
2025-01-21,B,21,6538.1,15319,572,0.42679678830210854,108847.97,0.34861976771940667
2025-01-22,B,22,4603.98,15362,448,0.2996992579091264,113451.95,0.34567766415706125
2025-01-23,B,23,4998.15,15323,419,0.3261861254323566,118450.09999999999,0.3459808323905813
2025-01-24,B,24,4329.98,15280,375,0.28337565445026175,122780.07999999999,0.33991826627704663
2025-01-25,B,25,5066.47,15385,437,0.3293123171920702,127846.54999999999,0.3389940815970635
2025-01-26,B,26,4420.34,15331,399,0.2883269193138086,132266.88999999998,0.3284776874907975
2025-01-27,B,27,5321.13,15225,541,0.3494995073891626,137588.02,0.3290280814269849
2025-01-28,B,28,5140.85,15249,479,0.33712702472293266,142728.87,0.31621811520138843
2025-01-29,B,29,4478.64,15381,470,0.291180027306417,147207.51,0.3150010822581442
2025-01-30,B,30,4535.95,15322,432,0.29604163947265366,151743.46000000002,0.31069472712104373
2025-01-31,B,31,4959.99,15425,415,0.32155526742301455,156703.45,0.31614895754572275
2025-02-01,B,32,4641.67,15454,454,0.300353953668953,161345.12,0.31201204847099173
2025-02-02,B,33,5713.16,15225,522,0.3752486042692939,167058.28,0.324429432036061
2025-02-03,B,34,5804.39,15428,509,0.3762243971998963,172862.67,0.32824727343759447
2025-02-04,B,35,4830.98,15273,485,0.3163085183002684,177693.65000000002,0.32527320109149954
2025-02-05,B,36,5612.97,15391,503,0.3646917029432786,183306.62000000002,0.33577486903962267
2025-02-06,B,37,4866.53,15424,426,0.3155167271784232,188173.15000000002,0.33855702442616115
2025-02-07,B,38,4231.81,15331,424,0.276029613202009,192404.96000000002,0.3320533595374461
2025-02-08,B,39,4852.32,15298,453,0.31718656033468423,197257.28000000003,0.33445801763255056
2025-02-09,B,40,4102.97,15301,396,0.268150447683158,201360.25000000003,0.31915828097738824
2025-02-10,B,41,5496.53,15461,470,0.3555093460966302,206856.78000000003,0.31619898796263596
2025-02-11,B,42,4754.88,15292,415,0.31093905309965997,211611.66000000003,0.31543192150540617
2025-02-12,B,43,5043.52,15121,398,0.3335440777726341,216655.18000000002,0.3109822607667426
2025-02-13,B,44,5502.19,15464,490,0.3558063890325918,222157.37000000002,0.31673792674590967
2025-02-14,B,45,4940.87,15581,434,0.3171086579808741,227098.24000000002,0.3226063617143189
2025-02-15,B,46,4544.67,15287,449,0.29728985412441944,231642.91000000003,0.31976397511285254
2025-02-16,B,47,5082.45,15213,443,0.3340859790968251,236725.36000000004,0.32918333674337635
2025-02-17,B,48,5404.72,15388,444,0.3512295295035092,242130.08,0.3285719343729306
2025-02-18,B,49,5225.21,15291,497,0.3417180040546727,247355.28999999998,0.3329689273665038
2025-02-19,B,50,4779.72,15301,411,0.31237958303378865,252135.00999999998,0.3299454281180973
2025-02-20,B,51,4731.55,15370,438,0.30784320104098895,256866.55999999997,0.32309354411929686
2025-02-21,B,52,5193.06,15245,456,0.34064020990488686,262059.61999999997,0.3264551943941559
2025-02-22,B,53,5041.47,15401,442,0.3273469255243166,267101.08999999997,0.33074906173699825
2025-02-23,B,54,4822.11,15374,421,0.3136535709639651,271923.19999999995,0.32783014628944684
2025-02-24,B,55,4965.93,15341,460,0.3237031484257871,276889.12999999995,0.3238978061354866
2025-02-25,B,56,5585.41,15477,460,0.3608845383472249,282474.5399999999,0.3266358824629941
2025-02-26,B,57,4750.18,15330,423,0.3098617090671885,287224.7199999999,0.3262761861820512
2025-02-27,B,58,5676.19,15251,530,0.3721847747688676,292900.9099999999,0.33546783957174814
2025-02-28,B,59,5432.08,15389,508,0.3529845993891741,298332.98999999993,0.33723132378378917
2025-01-01,A,1,5017.64,15060,454,0.3331766268260292,5017.64,0.3331766268260292
2025-01-02,A,2,4860.91,15208,500,0.3196284850078906,9878.55,0.3264025559169599
2025-01-03,A,3,4257.9,15227,438,0.27962829185000326,14136.449999999999,0.31081113456130766
2025-01-04,A,4,4758.64,15098,470,0.3151834680090078,18895.09,0.3119042179232327
2025-01-05,A,5,5476.27,15392,507,0.35578677234927236,24371.36,0.3206807288084407
2025-01-06,A,6,3985.4,15181,404,0.2625255253277123,28356.760000000002,0.3109881948949859
2025-01-07,A,7,4919.71,15524,487,0.31690994589023447,33276.47,0.3118341593228786
2025-01-08,A,8,4249.16,15282,375,0.2780499934563539,37525.630000000005,0.30395892598435353
2025-01-09,A,9,4909.87,15317,445,0.3205503688711889,42435.50000000001,0.30409062367911044
2025-01-10,A,10,4494.37,15401,463,0.29182325822998506,46929.87000000001,0.3058327617333935
2025-01-11,A,11,4817.57,15551,495,0.30979165326988617,51747.44000000001,0.30506250248494754
2025-01-12,A,12,5022.39,15329,430,0.32763976776045406,56769.83000000001,0.3010415018294021
2025-01-13,A,13,4670.51,15222,469,0.30682630403363553,61440.34000000001,0.30737018450167686
2025-01-14,A,14,4526.74,15378,435,0.29436467681102874,65967.08000000002,0.30414943177607606
2025-01-15,A,15,4144.42,15509,484,0.2672267715520021,70111.50000000001,0.30260325721831155
2025-01-16,A,16,5033.78,15311,555,0.3287688589902684,75145.28000000001,0.30377732723532286
2025-01-17,A,17,4884.72,15283,504,0.319617876071452,80030.00000000001,0.307747986926961
2025-01-18,A,18,4663.4,15560,496,0.29970437017994855,84693.40000000001,0.30630694648554135
2025-01-19,A,19,3718.77,15403,399,0.2414315393105239,88412.17000000001,0.2939914852784084
2025-01-20,A,20,4333.47,15404,471,0.28132108543235523,92745.64000000001,0.29034788262108274
2025-01-21,A,21,5047.01,15513,436,0.3253406820086379,97792.65000000001,0.29477302622074114
2025-01-22,A,22,4783.55,15287,444,0.312916203310002,102576.20000000001,0.3013000879004554
2025-01-23,A,23,4913.22,15449,478,0.31802835134960195,107489.42000000001,0.2997657296660745
2025-01-24,A,24,3980.22,15310,394,0.2599751796211626,111469.64000000001,0.2912453444588903
2025-01-25,A,25,5191.67,15396,521,0.3372090153286568,116661.31000000001,0.29660315090870576
2025-01-26,A,26,3889.03,15301,387,0.25416835500947654,120550.34000000001,0.29842269600855614
2025-01-27,A,27,5018.23,15254,485,0.3289779729906909,125568.57,0.3052308228026041
2025-01-28,A,28,4707.34,15327,425,0.3071272917074444,130275.91,0.3026289099024337
2025-01-29,A,29,4499.7,15437,458,0.2914879834164669,134775.61000000002,0.29956773563192857
2025-01-30,A,30,4989.06,15521,522,0.32143934024869536,139764.67,0.3000550197603705
2025-01-31,A,31,4670.08,15342,459,0.30439838352235693,144434.75,0.3064011917462554
2025-02-01,A,32,4523.82,15215,441,0.2973263227078541,148958.57,0.3007036642289979
2025-02-02,A,33,3972.5,15259,418,0.26033816108526114,152931.07,0.30158506509696714
2025-02-03,A,34,4984.33,15176,461,0.3284350289931471,157915.4,0.30150750166874657
2025-02-04,A,35,5135.78,15253,506,0.33670622172687337,163051.18,0.30573306310009357
2025-02-05,A,36,4718.57,15359,479,0.3072185689172472,167769.75,0.307980289600205
2025-02-06,A,37,4237.34,15408,431,0.2750090861889927,172007.09,0.3013473961631047
2025-02-07,A,38,3942.05,15342,472,0.2569449876156955,175949.13999999998,0.2945683396050102
2025-02-08,A,39,4661.81,15445,488,0.3018329556490774,180610.94999999998,0.2952121443108992
2025-02-09,A,40,5032.95,15284,516,0.32929534153362994,185643.9,0.3050631700892376
2025-02-10,A,41,4261.37,15299,383,0.2785391202039349,189905.27,0.29793518311935013
2025-02-11,A,42,4670.78,15373,467,0.303830091719248,194576.05,0.29323859311826084
2025-02-12,A,43,4472.43,15500,481,0.288543870967742,199048.47999999998,0.2905707791254744
2025-02-13,A,44,4287.41,15474,466,0.277071862478997,203335.88999999998,0.29086546145261777
2025-02-14,A,45,4261.82,15500,427,0.274956129032258,207597.71,0.2934384816549839
2025-02-15,A,46,5338.76,15346,498,0.34789261045223513,212936.47,0.3000184323411493
2025-02-16,A,47,4875.71,15221,441,0.3203278365416201,217812.18,0.29873736019943353
2025-02-17,A,48,4021.85,15331,419,0.26233448568260387,221834.03000000003,0.296422412410672
2025-02-18,A,49,4835.69,15353,526,0.3149671074057187,226669.72000000003,0.2980134146515964
2025-02-19,A,50,4581.96,15370,451,0.29811060507482107,231251.68000000002,0.29938009095260776
2025-02-20,A,51,4918.82,15290,469,0.32170176586003923,236170.50000000003,0.30575579143561377
2025-02-21,A,52,4729.62,15431,490,0.30650119888536065,240900.12000000002,0.31026222998605696
2025-02-22,A,53,5313.59,15297,529,0.34736157416486896,246213.71000000002,0.31018636765929036
2025-02-23,A,54,4113.8,15399,418,0.2671472173517761,250327.51,0.3025891363464555
2025-02-24,A,55,3405.69,15428,389,0.22074734249416644,253733.2,0.29664811589096446
2025-02-25,A,56,4329.41,15359,449,0.28188098183475485,258062.61000000002,0.2919215265236839
2025-02-26,A,57,5329.78,15168,479,0.3513831751054852,263392.39,0.29953189367092165
2025-02-27,A,58,4814.04,15377,506,0.31306756844638095,268206.43,0.29829843689754193
2025-02-28,A,59,3847.18,15367,418,0.2503533545910067,272053.61,0.2902773162840628
