date,group,revenue,users,transactions,arpdau
2025-01-01,A,5017.64,15060,454,0.3331766268260292
2025-01-01,B,5368.94,15307,472,0.35075063696348074
2025-01-02,A,4860.91,15208,500,0.3196284850078906
2025-01-02,B,5945.82,15038,513,0.39538635456842663
2025-01-03,A,4257.9,15227,438,0.27962829185000326
2025-01-03,B,4632.01,15219,399,0.3043570536828964
2025-01-04,A,4758.64,15098,470,0.3151834680090078
2025-01-04,B,4794.93,15083,430,0.3179029370814825
2025-01-05,A,5476.27,15392,507,0.35578677234927236
2025-01-05,B,5569.45,15327,522,0.36337508971096755
2025-01-06,A,3985.4,15181,404,0.2625255253277123
2025-01-06,B,5469.7,15343,478,0.3564948184839992
2025-01-07,A,4919.71,15524,487,0.31690994589023447
2025-01-07,B,5121.0199999999995,15351,499,0.33359520552407007
2025-01-08,A,4249.16,15282,375,0.2780499934563539
2025-01-08,B,4785.83,15216,440,0.3145261566771819
2025-01-09,A,4909.87,15317,445,0.3205503688711889
2025-01-09,B,4795.78,15413,406,0.31115162525141116
2025-01-10,A,4494.37,15401,463,0.29182325822998506
2025-01-10,B,4969.22,15191,423,0.3271160555592127
2025-01-11,A,4817.57,15551,495,0.30979165326988617
2025-01-11,B,5292.43,15479,517,0.3419103301246851
2025-01-12,A,5022.39,15329,430,0.32763976776045406
2025-01-12,B,5296.24,15232,463,0.3477048319327731
2025-01-13,A,4670.51,15222,469,0.30682630403363553
2025-01-13,B,5015.1,15470,431,0.3241822882999354
2025-01-14,A,4526.74,15378,435,0.29436467681102874
2025-01-14,B,4511.45,15388,453,0.2931797504548999
2025-01-15,A,4144.42,15509,484,0.2672267715520021
2025-01-15,B,4891.85,15273,433,0.32029398284554444
2025-01-16,A,5033.78,15311,555,0.3287688589902684
2025-01-16,B,4966.28,15325,449,0.32406394779771613
2025-01-17,A,4884.72,15283,504,0.319617876071452
2025-01-17,B,4957.58,15216,458,0.32581361724500524
2025-01-18,A,4663.4,15560,496,0.29970437017994855
2025-01-18,B,5101.53,15193,429,0.33578160995195155
2025-01-19,A,3718.77,15403,399,0.2414315393105239
2025-01-19,B,5560.51,15363,517,0.361941678057671
2025-01-20,A,4333.47,15404,471,0.28132108543235523
2025-01-20,B,5264.2,15230,492,0.3456467498358503
2025-01-21,A,5047.01,15513,436,0.3253406820086379
2025-01-21,B,6538.1,15319,572,0.42679678830210854
2025-01-22,A,4783.55,15287,444,0.312916203310002
2025-01-22,B,4603.98,15362,448,0.2996992579091264
2025-01-23,A,4913.22,15449,478,0.31802835134960195
2025-01-23,B,4998.15,15323,419,0.3261861254323566
2025-01-24,A,3980.22,15310,394,0.2599751796211626
2025-01-24,B,4329.98,15280,375,0.28337565445026175
2025-01-25,A,5191.67,15396,521,0.3372090153286568
2025-01-25,B,5066.47,15385,437,0.3293123171920702
2025-01-26,A,3889.03,15301,387,0.25416835500947654
2025-01-26,B,4420.34,15331,399,0.2883269193138086
2025-01-27,A,5018.23,15254,485,0.3289779729906909
2025-01-27,B,5321.13,15225,541,0.3494995073891626
2025-01-28,A,4707.34,15327,425,0.3071272917074444
2025-01-28,B,5140.85,15249,479,0.33712702472293266
2025-01-29,A,4499.7,15437,458,0.2914879834164669
2025-01-29,B,4478.64,15381,470,0.291180027306417
2025-01-30,A,4989.06,15521,522,0.32143934024869536
2025-01-30,B,4535.95,15322,432,0.29604163947265366
2025-01-31,A,4670.08,15342,459,0.30439838352235693
2025-01-31,B,4959.99,15425,415,0.32155526742301455
2025-02-01,A,4523.82,15215,441,0.2973263227078541
2025-02-01,B,4641.67,15454,454,0.300353953668953
2025-02-02,A,3972.5,15259,418,0.26033816108526114
2025-02-02,B,5713.16,15225,522,0.3752486042692939
2025-02-03,A,4984.33,15176,461,0.3284350289931471
2025-02-03,B,5804.39,15428,509,0.3762243971998963
2025-02-04,A,5135.78,15253,506,0.33670622172687337
2025-02-04,B,4830.98,15273,485,0.3163085183002684
2025-02-05,A,4718.57,15359,479,0.3072185689172472
2025-02-05,B,5612.97,15391,503,0.3646917029432786
2025-02-06,A,4237.34,15408,431,0.2750090861889927
2025-02-06,B,4866.53,15424,426,0.3155167271784232
2025-02-07,A,3942.05,15342,472,0.2569449876156955
2025-02-07,B,4231.81,15331,424,0.276029613202009
2025-02-08,A,4661.81,15445,488,0.3018329556490774
2025-02-08,B,4852.32,15298,453,0.31718656033468423
2025-02-09,A,5032.95,15284,516,0.32929534153362994
2025-02-09,B,4102.97,15301,396,0.268150447683158
2025-02-10,A,4261.37,15299,383,0.2785391202039349
2025-02-10,B,5496.53,15461,470,0.3555093460966302
2025-02-11,A,4670.78,15373,467,0.303830091719248
2025-02-11,B,4754.88,15292,415,0.31093905309965997
2025-02-12,A,4472.43,15500,481,0.288543870967742
2025-02-12,B,5043.52,15121,398,0.3335440777726341
2025-02-13,A,4287.41,15474,466,0.277071862478997
2025-02-13,B,5502.19,15464,490,0.3558063890325918
2025-02-14,A,4261.82,15500,427,0.274956129032258
2025-02-14,B,4940.87,15581,434,0.3171086579808741
2025-02-15,A,5338.76,15346,498,0.34789261045223513
2025-02-15,B,4544.67,15287,449,0.29728985412441944
2025-02-16,A,4875.71,15221,441,0.3203278365416201
2025-02-16,B,5082.45,15213,443,0.3340859790968251
2025-02-17,A,4021.85,15331,419,0.26233448568260387
2025-02-17,B,5404.72,15388,444,0.3512295295035092
2025-02-18,A,4835.69,15353,526,0.3149671074057187
2025-02-18,B,5225.21,15291,497,0.3417180040546727
2025-02-19,A,4581.96,15370,451,0.29811060507482107
2025-02-19,B,4779.72,15301,411,0.31237958303378865
2025-02-20,A,4918.82,15290,469,0.32170176586003923
2025-02-20,B,4731.55,15370,438,0.30784320104098895
2025-02-21,A,4729.62,15431,490,0.30650119888536065
2025-02-21,B,5193.06,15245,456,0.34064020990488686
2025-02-22,A,5313.59,15297,529,0.34736157416486896
2025-02-22,B,5041.47,15401,442,0.3273469255243166
2025-02-23,A,4113.8,15399,418,0.2671472173517761
2025-02-23,B,4822.11,15374,421,0.3136535709639651
2025-02-24,A,3405.69,15428,389,0.22074734249416644
2025-02-24,B,4965.93,15341,460,0.3237031484257871
2025-02-25,A,4329.41,15359,449,0.28188098183475485
2025-02-25,B,5585.41,15477,460,0.3608845383472249
2025-02-26,A,5329.78,15168,479,0.3513831751054852
2025-02-26,B,4750.18,15330,423,0.3098617090671885
2025-02-27,A,4814.04,15377,506,0.31306756844638095
2025-02-27,B,5676.19,15251,530,0.3721847747688676
2025-02-28,A,3847.18,15367,418,0.2503533545910067
2025-02-28,B,5432.08,15389,508,0.3529845993891741
